<?xml version="1.0" encoding="UTF-8"?>
<!DOCTYPE nmaprun>
<?xml-stylesheet href="file:///C:/Program Files (x86)/Nmap/nmap.xsl" type="text/xsl"?>
<!-- Nmap 7.92 scan initiated Mon May 30 21:48:31 2022 as: nmap.exe -p 80 -&#45;script http-sql-injection -oX C:/Users/metin/OneDrive/Masa&#xfc;st&#xfc;/Final&#xd6;devi/cikti.xml testphp.vulnweb.com -->
<nmaprun scanner="nmap" args="nmap.exe -p 80 -&#45;script http-sql-injection -oX C:/Users/metin/OneDrive/Masa&#xfc;st&#xfc;/Final&#xd6;devi/cikti.xml testphp.vulnweb.com" start="1653936511" startstr="Mon May 30 21:48:31 2022" version="7.92" xmloutputversion="1.05">
<scaninfo type="syn" protocol="tcp" numservices="1" services="80"/>
<verbose level="0"/>
<debugging level="0"/>
<hosthint><status state="up" reason="unknown-response" reason_ttl="0"/>
<address addr="44.228.249.3" addrtype="ipv4"/>
<hostnames>
<hostname name="testphp.vulnweb.com" type="user"/>
</hostnames>
</hosthint>
<host starttime="1653936511" endtime="1653936527"><status state="up" reason="reset" reason_ttl="125"/>
<address addr="44.228.249.3" addrtype="ipv4"/>
<hostnames>
<hostname name="testphp.vulnweb.com" type="user"/>
<hostname name="ec2-44-228-249-3.us-west-2.compute.amazonaws.com" type="PTR"/>
</hostnames>
<ports><port protocol="tcp" portid="80"><state state="open" reason="syn-ack" reason_ttl="21"/><service name="http" method="table" conf="3"/><script id="http-sql-injection" output="&#xa;  Possible sqli for queries:&#xa;    http://testphp.vulnweb.com:80/search.php?test=query%27%20OR%20sqlspider&#xa;    http://testphp.vulnweb.com:80/search.php?test=query%27%20OR%20sqlspider&#xa;    http://testphp.vulnweb.com:80/search.php?test=query%27%20OR%20sqlspider&#xa;    http://testphp.vulnweb.com:80/search.php?test=query%27%20OR%20sqlspider&#xa;    http://testphp.vulnweb.com:80/search.php?test=query%27%20OR%20sqlspider&#xa;    http://testphp.vulnweb.com:80/search.php?test=query%27%20OR%20sqlspider&#xa;    http://testphp.vulnweb.com:80/listproducts.php?cat=3%27%20OR%20sqlspider&#xa;    http://testphp.vulnweb.com:80/listproducts.php?cat=1%27%20OR%20sqlspider&#xa;    http://testphp.vulnweb.com:80/search.php?test=query%27%20OR%20sqlspider&#xa;    http://testphp.vulnweb.com:80/listproducts.php?cat=4%27%20OR%20sqlspider&#xa;    http://testphp.vulnweb.com:80/listproducts.php?cat=2%27%20OR%20sqlspider&#xa;    http://testphp.vulnweb.com:80/search.php?test=query%27%20OR%20sqlspider&#xa;    http://testphp.vulnweb.com:80/search.php?test=query%27%20OR%20sqlspider&#xa;    http://testphp.vulnweb.com:80/showimage.php?file=%27%20OR%20sqlspider&#xa;    http://testphp.vulnweb.com:80/artists.php?artist=1%27%20OR%20sqlspider&#xa;    http://testphp.vulnweb.com:80/artists.php?artist=3%27%20OR%20sqlspider&#xa;    http://testphp.vulnweb.com:80/search.php?test=query%27%20OR%20sqlspider&#xa;    http://testphp.vulnweb.com:80/artists.php?artist=2%27%20OR%20sqlspider&#xa;    http://testphp.vulnweb.com:80/search.php?test=query%27%20OR%20sqlspider&#xa;    http://testphp.vulnweb.com:80/search.php?test=query%27%20OR%20sqlspider&#xa;    http://testphp.vulnweb.com:80/product.php?pic=4%27%20OR%20sqlspider&#xa;    http://testphp.vulnweb.com:80/showimage.php?file=.%2Fpictures%2F2.jpg%27%20OR%20sqlspider&#xa;    http://testphp.vulnweb.com:80/product.php?pic=7%27%20OR%20sqlspider&#xa;    http://testphp.vulnweb.com:80/artists.php?artist=1%27%20OR%20sqlspider&#xa;    http://testphp.vulnweb.com:80/search.php?test=query%27%20OR%20sqlspider&#xa;    http://testphp.vulnweb.com:80/showimage.php?size=160&amp;file=.%2Fpictures%2F7.jpg%27%20OR%20sqlspider&#xa;    http://testphp.vulnweb.com:80/showimage.php?size=160&amp;file=.%2Fpictures%2F5.jpg%27%20OR%20sqlspider&#xa;    http://testphp.vulnweb.com:80/showimage.php?size=160&amp;file=.%2Fpictures%2F4.jpg%27%20OR%20sqlspider&#xa;    http://testphp.vulnweb.com:80/showimage.php?size=160&amp;file=.%2Fpictures%2F3.jpg%27%20OR%20sqlspider&#xa;    http://testphp.vulnweb.com:80/showimage.php?size=160&amp;file=.%2Fpictures%2F2.jpg%27%20OR%20sqlspider&#xa;    http://testphp.vulnweb.com:80/showimage.php?size=160&amp;file=.%2Fpictures%2F1.jpg%27%20OR%20sqlspider&#xa;    http://testphp.vulnweb.com:80/showimage.php?file=.%2Fpictures%2F1.jpg%27%20OR%20sqlspider&#xa;    http://testphp.vulnweb.com:80/showimage.php?file=.%2Fpictures%2F4.jpg%27%20OR%20sqlspider&#xa;    http://testphp.vulnweb.com:80/showimage.php?file=.%2Fpictures%2F7.jpg%27%20OR%20sqlspider&#xa;    http://testphp.vulnweb.com:80/showimage.php?file=.%2Fpictures%2F5.jpg%27%20OR%20sqlspider&#xa;    http://testphp.vulnweb.com:80/product.php?pic=5%27%20OR%20sqlspider&#xa;    http://testphp.vulnweb.com:80/product.php?pic=1%27%20OR%20sqlspider&#xa;    http://testphp.vulnweb.com:80/product.php?pic=3%27%20OR%20sqlspider&#xa;    http://testphp.vulnweb.com:80/artists.php?artist=2%27%20OR%20sqlspider&#xa;    http://testphp.vulnweb.com:80/showimage.php?file=.%2Fpictures%2F3.jpg%27%20OR%20sqlspider&#xa;    http://testphp.vulnweb.com:80/product.php?pic=2%27%20OR%20sqlspider&#xa;"/></port>
</ports>
<times srtt="53343" rttvar="85437" to="395091"/>
</host>
<runstats><finished time="1653936527" timestr="Mon May 30 21:48:47 2022" summary="Nmap done at Mon May 30 21:48:47 2022; 1 IP address (1 host up) scanned in 17.26 seconds" elapsed="17.26" exit="success"/><hosts up="1" down="0" total="1"/>
</runstats>
</nmaprun>
